{
  "target": "Yield-char",
  "features": [
    "C",
    "H",
    "N",
    "O",
    "VM",
    "Ash",
    "FC",
    "Temp",
    "RT",
    "HR"
  ],
  "n_rows": 350,
  "cv_oof_r2": 0.6847004457919422,
  "cv_oof_rmse": 7.8189764310652015,
  "full_lam": [
    0.1,
    0.1,
    0.1,
    0.1,
    0.1,
    0.1,
    0.1,
    0.1,
    0.1,
    0.1,
    0.1,
    0.1,
    0.1,
    0.1,
    0.1,
    0.1,
    0.1,
    0.1,
    0.1,
    0.1,
    0.1,
    0.1,
    0.1,
    0.1,
    0.1,
    0.1,
    0.1,
    0.1,
    0.1,
    0.1
  ],
  "top_features_for_interactions": [
    "Temp",
    "O",
    "N",
    "Ash",
    "FC"
  ]
}